aae	Geophysical Observatory, Adis Abeba University, Ethiopia
aam	University of Michigan, Ann Arbor, USA
aci	Universita di Calabria, Cosenza, Italy
acp	Autoridad del Canal de Panama, Balboa-Ancon, Panama
ade	Primary Industries and Resources SA, Adelaide, S.A., Australia
ags	USGS Alaska Seismic Project, Menlo Park, California, USA
ak	Alaska Earthquake Center (aka AEI, AEIC)
alg	CRAAG, Alger-Bouzareah, Algeria
alq	Albuquerque Seismological Laboratory, Albuquerque, New Mexico, USA
anza	Anza Seismic Network, IGPP, UC San Diego, La Jolla, California, USA
aro	Observatoire Geophysique d'Arta, Djibouti
asrs	GSRAS Siberian Branch, Altay-Sayan Seis. Ctr., Novosibirsk, Russia
at	National Tsunami Warning Center (aka ATWC)
ath	National Observatory of Athens, Greece
atl	Georgia Institute of Technology, Atlanta, USA
atlas	USGS ShakeMap Atlas
atx	University of Texas Institute for Geophysics, Austin, USA
aust	Geoscience Australia, Canberra, ACT, Australia
av	Alaska Volcano Observatory
awib	Alfred Wegener Inst. of Polar and Maine Research, Bremerhaven, Germany
azer	Rep. Center of Seismic Survey, Azerbaijan Academy of Science, Baku
azur	Geosciences Azur, Universite de Nice Sophia-Antipolis, Valbonne, France
bari	Osservatorio Sismologico, Universita degli Studi di Bari, Italy
basv	British Antarctic Survey, Cambridge, England, UK
bdf	Observatorio Sismologico, Universidade de Brasilia, Brazil
belr	Inst. of Geochem. and Geophysics, Belarus Academy of Science, Minsk
beo	Seismological Survey of Serbia, Belgrade, Serbia
ber	Institutt for geovitenskap, Universitetet i Bergen, Norway
bgrd	Bundesanstalt fur Geowissenschaften und Rohstoffe, Hannover, Germany
bgs	British Geological Survey, Edinburgh, United Kingdom
bhd	Seismology Unit, Scientific Research Council, Baghdad, Iraq
bhky	University of Kentucky, Lexington, USA
bhl	Conseil National de la Recherche Scientifique, Beirut, Lebanon
bji	China Earthquake Administration, Beijing, China
bkk	Meteorological Department, Bangkok, Thailand
bkn	Procurement Executive, Ministry of Defence, Blacknest, UK
bla	Virginia Polytechnic Institute and State University, Blacksburg, USA
blmy	Indian Point Network, Woodward-Clyde Consultants, New Jersey, USA
bly	Institute for Material Testing, Banja Luka, Bosnia and Herzegovina
bmu	Bahrain Meteorological Service, Bahrain
bng	Inst. de Recherche pour le Developpement, Bangui, Cen. African Rep.
bns	Geologisches Inst. der Universitat Koln, Bergisch Gladbach, Germany
bog	Instituto Geofisico, Universidad Javeriana, Bogota, Colombia
bou	University of Colorado, Boulder, USA
bra	Geofyzikalny ustav SAV, Bratislava, Slovakia
brg	Seismologisches Observatorium, Berggiesshubel, Germany
brk	University of California, Berkeley, USA
brl	Freie Universitat Berlin, Berlin, Germany
brs	University of Queensland, Brisbane, Australia
bse	Boise State University, Idaho, USA
buc	National Institute for Earth Physics, Bucharest-Magurele, Romania
bud	Hungarian Seismological Institute, Budapest
bug	Ruhr-Universitaet, Bochum, Germany
bul	Goetz Observatory, Bulawayo, Zimbabwe
but	Montana Bureau of Mines and Geology, Butte, USA
bykl	GSRAS Siberian Branch, Baykal Regional Seis. Center, Irkutsk, Russia
byt	Central Institute of Mines, Katowice, Poland
cam	Massachusetts Institute of Technology, Cambridge, USA
can	Australian National University, Canberra, ACT, Australia
car	FUNVISIS, Caracas, Venezuela
casc	Central American Seismic Center, San Jose, Costa Rica
cat	Instituto Scienze della Terra, Catania, Italy
cdmg	California Division of Mines and Geology, Sacramento, USA
cdpj	Nat. Research Ctr for Disaster Prevention, Ibaraki-ken, Japan--now NIED
cdr	Commissariat a l'Energie Atomique (CEA) Fontenay aux Roses, France
cdwr	California Department of Water Resources, Sacramento, USA
cels	Comision Hidroelectrica del Rio Lempa, El Salvador
ceri	Center for Earthquake Research and Information, Memphis, Tennessee
cff	Inst. et Observatoire de Physique du Globe, Clermont-Ferrand, France
cgs	California Geological SurveyCalifornia Strong Motion Instrumentation Program
chc	University of North Carolina, Chapel Hill, USA
ci	California Integrated Seismic Network: Southern California Seismic Network (Caltech, USGS Pasadena, and Partners) (aka PAS)
cll	Geophysikalisches Observatorium, Univ. Leipzig, Collm, Germany
cnrm	Centre National de la Recherche Scient. et Tech., Rabat, Morocco
cor	College of Oceanography, Oregon State University, Corvallis, USA
crt	Instituto Andaluz de Geofisica, Universidad de Granada, Spain
csc	University of South Carolina, Columbia, USA
csem	Centre Sismologique Euro-Mediterraneen, Bruyeres-le-Chatel, France
css	Geological Survey Department, Nicosia, Cyprus
dal	Southern Methodist University, Dallas, Texas, USA
dbn	Koninkijk Nederlands Meteorologisch Instituut, De Bilt, Netherlands
dda	Directorate of Disaster Affairs, Lodumlu, Ankara, Turkey
desu	CADAFE, Desarrollo Uribante Caparo (DESURCA), San Cristobal, Venezuela
dhmr	National Seismological Observatory Center, Dhamar, Yemen
dias	Dublin Institute for Advanced Studies, Ireland
dja	Badan Meteorologi dan Geofisika, Jakarta, Indonesia
dme	Department of Minerals and Energy, Pretoria, South Africa
dmn	Department of Mines and Geology, Kathmandu, Nepal
dngm	Direccao Nacional de Geologia, Maputo, Mozambique
dnk	Danmarks og Gronlands Geologiske Undersogelse, Copenhagen, Denmark
doe	US Department of Energy (and predecessors) -- explosions
dri	Disaster Prevention Research Institute, Kyoto University, Japan
drs	GSRAS, Dagestan Regional Seismological Center, Makhachkala, Russia
dsit	State Water Works Division (DSI), Ankara, Turkey
dtm	Carnegie Institution of Washington, Washington, DC, USA
duke	Duke Power Company, South Carolina, USA
ecx	RESNOM, CICESE, Ensenada, Baja California, Mexico
edm	University of Alberta, Edmonton, Canada
eni	Ente Nazionale Idrocarburi, Italy
ent	Geological Survey and Mines Department, Entebbe, Uganda
ept	Kidd Seismological Observatory, University of Texas, El Paso, USA
erc	Centro Ettore Majorana, Erice, Italy
erij	Earthquake Research Institute, Univ. of Tokyo, Japan
euo	Department of Geological Sciences, University of Oregon, Eugene, USA
ew	ShakeAlert&circledR Earthquake Early Warning System (USGS and university partners)
exp	Explosion parameters from any group other than DOE or predecessors
fbb	Geologisches Landesamt Baden-Wuerttemberg (LEDBW), Freiburg, Germany
fdf	IPG Observatoire Geophysique, St. Pierre, Martinique
fir	Universita Degli Studi di Firenze, Firenze, Italy
flag	Arizona Earthquake Information Center, Flagstaff, USA
fnet	F-net Broadband Seismograph Network, University of Tokyo, Japan
fog	Osservatorio V. Nigri, Foggia, Italy
fur	Geophysikalisches Obs. der Univ. Muenchen, Fuerstenfeldbruck, Germany
gar	Complex Seismological Expedition, Garm, Tajikistan
gbzt	TUBITAK, Marmara Research Center, Gebze, Turkey
gcg	INSIVUMEH, Guatemala City, Guatemala
gcmt	Lamont-Doherty Earth Observatory Global CMT project, New York, USA
gen	Dipart. Studio del Territorio e Risorse, Universita di Genova, Italy
geot	Teledyne Geotech Corporation, Garland, Texas, USA
gfu	Geofyzikalni ustav Akademie vid Ceske republiky, Praha, Czech Republic
gfz	GeoForschungsZentrum Potsdam, Telegrafenberg, Potsdam, Germany
gia	Geophysical Institute, Univ. of Alaska, Fairbanks, USA
gii	Geophysical Institute of Israel, Lod, Israel
gol	Geophysics Department, Colorado School of Mines, Golden, USA
gom	Observatoire Volcanologique de Goma, Goma, Dem. Republic of the Congo
grc	Observatoire Sismologique, Garchy, France
grf	BGR, Zentralobservatorium Graefenberg, Erlangen, Germany
grn	Lab. de Geophysique Interne et de Tectonophysique, Grenoble, France
gsdm	Geological Survey Department of Malawi, Zomba, Malawi
guc	Departamento de Geofisica, Universidad de Chile, Santiago
guv	CVG Electrificacion del Caroni (EDELCA) Guri, Venezuela
hacu	Hacettepe University, Ankara, Turkey
hdc	Universidad Nacional, Campus Omar Dengo, Heredia, Costa Rica
hel	Seismologian Laitos, Helsingin Yliopisto, Helsinki, Finland
hfs	The Swedish Defence Research Agency, FOI, Stockholm, Sweden
hig	Hawaii Institute of Geophysics, Honolulu, USA
hkc	Hong Kong Observatory, Kowloon, Hong Kong, China
hkt	University of Texas Marine Science Institute, Galveston, USA (now ATX)
hlw	National Research Inst. of Astronomy and Geophysics, Helwan, Egypt
hnr	Ministry of Natural Resources, Honiara, Solomon Islands
hon	NOAA, Pacific Tsunami Warning Center, Honolulu, Hawaii
hrs	Earthquake and Volcano Observatory, Hirosaki University, Japan
hrv	Harvard University, Cambridge, Massachusetts
hss	Inst. of Seismology and Volcanology, Hokkaido Univ., Sapporo, Japan
hv	Hawaiian Volcano Observatory
hyb	National Geophysical Research Institute, Hyderabad, India
ice	Instituto Costariccense de Electricidad, San Jose, Costa Rica
idc	Internation Data Center
igil	Inst. Geofisico do Infante D. Luis, Univ. de Lisboa, Lisbon, Portugal
iim	Instituto de Ingenieria, UNAM, Mexico City, Mexico
indr	Inst. Nac. de Recursos Hidraulicos, Santo Domingo, Dominican Rep.
inel	Idaho Nat. Engineering and Environmental Laboratory, Idaho Falls, USA
inet	Instituto Nicaraguense de Estudios Territoriales, Managua, Nicaragua
inmg	Instituto de Meteorologia, Lisbon, Portugal
inpp	Ignalina Nuclear Power Plant, Ignalina, Lithuania
intv	INTEVEP, Caracas, Venezuela
iny	Cornell University, Ithaca, New York, USA
ipec	Ustav fyziky Zeme, Masaryk University, Brno, Czech Republic
irsa	Institutul Roman de Seismologie Aplicata, Bucharest, Romania
isc	International Seismological Centre, UK
iscgem	ISC-GEM
isk	Kandilli Observatory & Earthquake Research Inst., Istanbul, Turkey
ismp	USGS Induced Seismicity Project
ist	Istanbul Technical University, Maslak, Istanbul, Turkey
istp	Instituto Superior Tecnico, Lisbon, Portugal
jck	Geologisches Landesamt Nordrhein-Westfalen, Krefeld, Germany
jen	Inst. fuer Geowissenschaften, Friedrich-Schiller-Univ., Jena, Germany
jhi	Regional Research Laboratory, Jorhat, India
jma	Japan Meteorological Agency, Tokyo, Japan
jrq	Centro de Geociencias, UNAM, Queretaro, Mexico
jsn	University of the West Indies, Mona, Jamaica
jso	Jordan Seismological Observatory, Amman
kazk	Seismological Institute, Kazakhstan Academy of Sciences, Almaty
kbc	Institut de Recherches Geologiques et Minieres, Ekona, Cameroon
kgs	Kansas Geological Survey, University of Kansas, Lawrence, USA
kisr	Kuwait Institute for Scientific Research, Safat, Kuwait
klm	Malaysian Meteorological Department, Petaling Jaya, Selangor, Malaysia
knet	Kyrgyz Broadband Seismic Network, La Jolla, Calif. and Kyrgyzstan
kors	GSRAS, Kola Regional Seismological Center, Apatity, Russia
kowa	Ecole Nationale d'Ingenieurs, Departement de Geologie, Bamako, Mali
krsc	GSRAS, Kamchatka Regional Seismo. Center, Petropavlovsk, Russia
krw	Geophysikalisches Institut, Karlsruhe, Germany
krym	Crimean Geophysical Institute, Ukraine Academy of Science, Ukraine
kuk	Ghana Geological Survey Department, Accra, Ghana
kyrg	Institute of Seismology, Kyrgyzstan Academy of Sciences, Bishkek
kyt	Faculty of Science, Kyoto University, Japan
lasa	Large Aperture Seismic Array, Billings, Montana (closed)
lbtb	Geological Survey of Botswana, Lobatse, Botswana
ld	Lamont-Doherty Cooperative Seismographic Network
ldg	CEA Lab. de Detection et de Geophysique, Bruyeres-le-Chatel, France
ldn	University of Western Ontario, London, Ontario, Canada
ldsn	Libyan Center for Remote Sensing and Space Science, Tripoli, Libya
lei	Institut fuer Geophysik und Geologie, Universitaet Leipzig, Germany
lgs	Lithuanian Geological Survey, Vilnius, Lithuania
lic	Station Geophysique de Lamto, N'Douci, Cote d'Ivoire
lim	Instituto Geofisico del Peru, Lima, Peru
ljc	Inst. of Geop. and Planet. Phys., UC San Diego, La Jolla, Calif, USA
lju	ARSO, Urad za seizmologijo, Ljubljana, Slovenia
lli	Instituto Internazionale di Vulcanologia--CNR, Catania, Italy
lmm	Servico Meteorologico de Mocambique, Maputo, Mozambique (closed)
loa	Los Alamos Scientific Laboratories, Los Alamos, New Mexico, USA
lpa	Observatorio Astronomico, Univ. Nacional de La Plata, Argentina
lpz	Observatorio San Calixto, La Paz, Bolivia
lsz	Geological Survey Department, Lusaka, Zambia
lub	Texas Tech University, Lubbock, USA
lvm	Lawrence Livermore National Laboratory, Livermore, California, USA
lvv	Carpathian Seismo. Dept., Ukraine Academy of Science, Lviv, Ukraine
lwi	Departement de Geophysique, Lwiro, Democratic Republic of the Congo
macro	Macroseismic location
mb	Montana Bureau of Mines and Geology
mbo	Institut de Recherche pour le Developpement, M'Bour, Senegal
mdd	Instituto Geografico Nacional, Madrid, Spain
mel	Seismology Research Centre, Melbourne, Australia
meri	Maharashtra Engineering Research Institute, Nashik, India
mes	Instituto Geofisico e Geodetico, Messina, Italy
mhi	Seismological Observatory, Mashhad, Iran
mnlo	USGS National Center for Earthquake Research, Menlo Park, Calif, USA
mnm	University of Minnesota, Minneapolis, USA
mold	Institute of Geophysics and Geology, Chisinau, Moldova
mrb	Institut Cartografic de Catalunya (ICC), Barcelona, Spain
msco	Mesa State College, Grand Junction, Colorado, USA
msku	Universite des Sciences et Techniques de Masuku, Franceville, Gabon
mso	University of Montana, Missoula, USA
mtat	Mineral Research and Exploration Institute (MTA), Ankara, Turkey
mui	Geophysics Department, Ferdowsi University, Mashhad, Iran
mvov	Montserrat Volcano Observatory, Mango Hill, Montserrat
nai	Geology Department, University of Nairobi, Nairobi, Kenya
nao	NTNF/NORSAR, Kjeller, Norway
nars	NARS network, University of Utrecht, The Netherlands
nasc	National Antarctic Scientific Center of Ukraine, Kiev, Ukraine
nat	Departamento de Fisica Teorica e Experimental, UFRN, Natal, Brazil
nc	California Integrated Seismic Network: Northern California Seismic System (UC Berkeley, USGS Menlo Park, and Partners)
ndi	India Meteorological Department, New Delhi
ne	New England Seismic Network
ned	Delaware Geological Survey, Newark
ners	GSRAS, Northeastern Regional Seismological Center, Magadan, Russia
ngy	RCSVDM, Graduate School of Environmental Studies, Nagoya Univ., Japan
nic	Geological Survey Department, Nicosia, Cyprus
nied	Nat. Res. Inst. for Earth Sci. and Disaster Prevention, Tsukuba, Japan
nipr	National Institute of Polar Research, Tokyo, Japan
nm	New Madrid Seismic Network
nn	Nevada Seismological Laboratory
nnc	Nat. Nuclear Center, Inst. of Geophysical Research, Almaty, Kazakhstan
nou	Institut de Recherche pour le Developpement, Noumea, New Caledonia
nsau	National Space Agency of Ukraine, Kiev, Ukraine
nssc	National Syrian Seismological Center, Damascus
nssp	National Survey of Seismic Protection, Yerevan, Armenia
obm	Mongolian Academy of Sciences, Ulaanbaatar
obn	GSRAS, Russian National Seismological Center, Obninsk, Russia
ogso	OhioSeis Network, Ohio Geological Survey, Columbus
ok	Oklahoma Geological Survey Statewide Network, Norman, USA (aka TUL, OGS)
oman	Department of Earth Sciences, Sultan Qaboos University, Al-Khod, Oman
ompt	Observatoire Midi-Pyrenees, Toulouse, France
ott	Geological Survey of Canada, Ottawa, Canada
oul	Sodankylan Geofysiikan Observatorio, Oulun Yliopisto, Oulu, Finland
ovo	Osservatorio Vesuviano, Naples, Italy
pal	Lamont-Doherty Earth Observatory, Palisades, New York. USA
par	Institut de Physique du Globe, Univ. P et M Curie, Paris, France
pda	Instituto de Meteorologia, Obs. Afonso Chaves, Ponta Delgada, Azores
pdg	Seizmoloski zavod Crne Gore, Podgorica, Montenegro
pepp	Princeton Earth Physics Project, Princeton, New Jersey, USA
pgc	Geological Survey of Canada, Pacific Geoscience Centre, Sidney, BC
pgec	Pacific Gas and Electric, California, USA
pins	Pakistan Inst. of Nuclear Science and Technology, Rawalpindi, Pakistan
pivs	Philippine Inst. of Volcanology & Seismology, Quezon City, Philippines
plv	Inst. of Geophysics, Vietnamese Acad. of Science and Technology, Hanoi
pmg	Geological Survey, Port Moresby, Papua New Guinea
pmr	National Tsunami Warning Center, Palmer, Alaska, USA
pnnl	Pacific Northwest National Laboratory, Richland, Washington, USA
polr	POLARIS Project, Ottawa, Canada
ppt	Laboratoire de Geophysique, Papeete, French Polynesia
pr	Puerto Rico Seismic Network
pre	Council for Geoscience, Pretoria, South Africa
pro	Osservatorio Valerio, Pesaro, Italy
prt	Osservatorio San Domenico, Prato, Italy
pt	Pacific Tsunami Warning Center (aka PTWC)
ptn	State University of New York, Potsdam, New York, USA
pto	Porto (Serro do Pilar), Portugal
qcp	Manila Observatory, Ateneo de Manila Univ., Manila, Philippines
qdm	Queensland Department of Mines, Brisbane, Australia
qmb	University of Leeds, Yorkshire, UK
que	Pakistan Meteorological Department, Quetta, Pakistan
qui	Escuela Politecnica Nacional, Quito, Ecuador
rab	Geological Survey, Vulcano Observatory, Rabaul, Papua New Guinea
rdj	Observatorio Nacional, Rio de Janeiro, Brazil
ren	University of Nevada, Reno, USA
rex	Brigham Young University-Idaho, Rexburg, Idaho, USA
rey	Veourstofa Islands, Reykjavik, Iceland
ript	Research Inst. of Pulse Technique, Ministry for Atomic Energy, Russia
rlp	Landeserdbebendienst Rheinland-Pfalz, Mainz, Germany
rmod	Russian Ministry of Defense, Russia
rom	Istituto Nazionale di Geofisica e Vulcanologia, Rome, Italy
rsnc	Red Sismica Nacional de Colombia, INGEOMINAS, Bogota, Colombia
rspr	Red Sismica de Puerto Rico, Universidad de Puerto Rico, Mayaguez
ruvs	Rede Universitaria de Vigilancia Sismovulcanica, Sao Miguel, Azores
ryd	King Saud University, Riyadh, Saudi Arabia
sakl	Sakhalin Complex Research Institute, Novoalexandrovsk -- now SKHL net
sand	Sandia Laboratories, Albuquerque, New Mexico, USA
sapn	Emergency Management Office, Saipan, Northern Mariana Islands
sbs	Institut National de la Meteorologie, Tunis, Tunisia
scp	Pennsylvania State University, State College, USA
sdd	Universidad Autonoma de Santo Domingo, Dominican Republic
se	Center for Earthquake Research and Information
sea	Geophysics Program, University of Washington, Seattle, USA
seo	Korean Meteorological Administration, Seoul, South Korea
sfs	Real Instituto y Observatorio de la Armada, San Fernando, Spain
shv	Inst. of Seismology and Volcanology, Kyushu Univ., Shimabara, Japan
sja	Instituto Nacional de Prevencion Sismica, San Juan, Argentina
skhl	GSRAS, Sakhalin Regional Seismological Ctr., Yuzhno-Sakhalinsk, Russia
sko	Seismological Observatory, Skopje University, Macedonia
slc	University of Utah, Salt Lake City, USA
slci	University of Utah Research Institute, Salt Lake City, USA
slm	St. Louis University, St. Louis, Missouri, USA
snet	Servicio Nac. de Estudios Territoriales, San Salvador, El Salvador
snm	New Mexico Institute of Mining and Technology, Socorro, USA
snsn	Saudi NSN, King Abdulaziz City for Sci & Tech, Riyadh, Saudi Arabia
sof	Section of Seismology, Bulgarian Academy of Sciences, Sofia, Bulgaria
sors	Republic Hydrometeorological Inst., Banja Luka, Bosnia-Herzegovina
spec	Special NEIS solution
spgm	Service de Physique du Globe, Rabat Agdal, Morocco
srpd	Savannah River Laboratory, Aiken, South Carolina
ssnc	Centro Nacional de Investigaciones Sismologicas, Santiago de Cuba, Cuba
sso	Osservatorio Geofisico Sperimentale, Macerata, Italy
str	Ecole et Observatoire des Sciences de la Terre, Strasbourg, France
stu	Institut fuer Geophysik der Universitaet Stuttgart, Stuttgart, Germany
sva	Department of Mineral Resources, Suva, Fiji
svsa	Sistema de Vigilancia Sismologica dos Acores, Ponta Delgada, Azores
tajk	Tajikistan Academy of Sciences, Dushanbe, Tajikistan
tan	Institut et Observatoire Geophysique d'Antananarivo, Madagascar
tap	Central Weather Bureau, Taipei, Taiwan
tato	Institute of Earth Sciences, Academia Sinica, Taipei, Taiwan
tau	University of Tasmania, Hobart, Australia
tbu	Environmental Physics Institute, Tibet University, Lhasa, China
teh	Institute of Geophysics, University of Tehran, Iran
the	Geophysical Laboratory, University of Thessaloniki, Greece
thr	Intl. Inst. of Earthquake Engineering and Seismology, Tehran, Iran
tif	Institute of Geophysics, Academy of Sciences of Georgia, Tbilisi, Georgia
tir	Seismological Center, Academy of Sciences of Albania, Tirana
toh	AOB, Graduate School of Science, Tohoku University, Sendai, Japan
tol	Observatorio Geofisico de Toledo, Spain (MDD network)
tri	Ist. Nazle. di Oceanografia e di Geof. Sperimentale, Trieste, Italy
trkm	Institute of Seismology, Turkmenistan Academy of Science, Ashgabat
trn	University of the West Indies, St. Augustine, Trinidad
tva	Tennessee Valley Authority, Knoxville, Tennessee
tx	Texas Seismological Network (TexNet) (aka TEXNET, BEG)
tzn	University of Dar es Salaam, Tanzania
uav	Laboratorio de Geofisica, Universidad de los Andes, Merida, Venezuela
ubc	University of British Columbia, Vancouver, B.C., Canada
ubic	Univ. de Barcelona i Institut d'Estudis Catalans, Barcelona, Spain
ucc	Observatoire Royal de Belgique, Uccle, Brussels, Belgium
ucr	Seccion de Sismologia, Univ. de Costa Rica, San Jose, Costa Rica
udec	Universidad de Concepcion, Concepcion, Chile
udo	Centro de Sismologia, Universidad de Oriente, Cumana, Venezuela
unah	Universidad Nacional Autonoma de Honduras, Tegucigalpa, Honduras
unm	Instituto de Geofisica, UNAM, Mexico City, DF, Mexico
upa	Instituto de Geociencias, Universidad de Panama, Panama
upp	Department of Earth Sciences, Uppsala University, Uppsala, Sweden
upsl	University of Patras Seismological Laboratory, Patras, Greece
urs	Kochi University, Kochi, Japan
us	USGS National Earthquake Information Center, PDE (aka GS, NEIC, ADMIN, OFFICIAL)
usaf	US Air Force Technical Applications Center, Melbourne, Florida, USA
usav	USGS Alaska Volcano Observatory, Anchorage, USA
usbr	US Bureau of Reclamation, Denver, Colorado, USA
usc	University of Southern California, Los Angeles, USA
uscv	USGS Cascades Volcano Observatory, Vancouver WA, USA
usgs	US Geological Survey--other than ABQ, AGS, MNLO, NEIC, HVO and USAVO
utsu	Utsunomiya University, Japan
uu	University of Utah Seismograph Stations
uvc	Universidad del Valle, Cali, Colombia
uw	Pacific Northwest Seismic Network (aka PNSN)
uzbk	Institute of Seismology, Uzbekistan Academy of Sciences, Tashkent
vao	Inst. de Astron., Geof. e Ciencias Atmos., Univ. de Sao Paulo, Brazil
war	Instytutu Geofizyki, Polskiej Akademii Nauk, Warsaw, Poland
wel	Inst. of Geological and Nuclear Sciences, Lower Hutt, New Zealand
wes	Weston Observatory, Boston College, Weston, Massachusetts, USA
wien	Inst. fuer Meteorologie und Geophysik, Univ. Wien, Vienna, Austria
wihg	Wadia Institute of Himalayan Geology, Dehra Dun, India
wwc	Woodward-Clyde Consultants, California
yars	GSRAS Siberian Branch, Yakutiya Reg. Seis. Center, Yakutsk, Russia
zag	Geophysical Institute, University of Zagreb, Croatia
zamg	ZentralAnstalt fuer Meteorologie und Geodynamik, Vienna, Austria
zon	Universidad Nacional de San Juan, San Juan, Argentina
zur	Schweizerischer Erdbebendienst, Zurich, Switzerland
